{"cameraMode":{"drawMode":0,"name":"Shaded","section":"Shading Mode"},"sceneLighting":false,"audioPlay":false,"sceneViewState":{"showFog":true,"showMaterialUpdate":false,"showSkybox":false,"showFlares":true,"showImageEffects":true,"showParticleSystems":true},"in2DMode":false,"pivot":{"x":-0.1312704086303711,"y":1.4700000286102296,"z":2.6500000953674318},"rotation":{"x":-0.11563549935817719,"y":0.7741159796714783,"z":-0.14807510375976563,"w":-0.6045244336128235},"size":2.843085765838623,"orthographic":false}